book/__type,book/className,book/objectId,createdAt,objectId,page,updatedAt
Pointer,Book,x6ZKKzKGMI,2016-11-09T13:24:04.330Z,00dJwBteof,461,2016-11-09T13:24:04.330Z
Pointer,Book,Pu3sB02kn6,2015-05-27T17:40:48.891Z,0Udy0JZJNS,74,2015-05-27T17:40:48.891Z
Pointer,Book,J7ZYYVzF9h,2013-11-14T20:37:09.177Z,0kQ3UjxeyJ,3,2013-11-14T20:37:09.177Z
Pointer,Book,pA2yM6p0zA,2013-10-26T10:30:42.180Z,0mnBdn9VbX,199,2013-10-26T10:30:42.180Z
Pointer,Book,sce1bCPaSM,2013-10-14T23:40:54.084Z,0tC0BbHISI,80,2013-10-14T23:40:54.084Z
Pointer,Book,JN4fXFaXkq,2013-11-16T10:12:44.816Z,0ylXjVZcOi,10,2013-11-16T10:12:44.816Z
Pointer,Book,ijv3jhysHU,2016-02-20T11:32:33.923Z,11AYb4HNIR,7,2016-02-20T11:32:33.923Z
Pointer,Book,UZpIxybhKG,2013-10-30T23:53:34.738Z,15WFGpjpPz,109,2013-10-30T23:53:34.738Z
Pointer,Book,yAKFMM0lw6,2015-03-11T00:05:45.442Z,16eoG3Rx6g,154,2015-03-11T00:05:45.442Z
Pointer,Book,FBEOFZXxar,2015-08-23T23:49:17.195Z,17EFuok0yY,62,2015-08-23T23:49:17.195Z
Pointer,Book,Ac4ft1nYAP,2013-06-04T12:40:30.646Z,1C1RulDsF0,42,2013-06-04T12:40:30.646Z
Pointer,Book,UZpIxybhKG,2013-10-28T23:59:08.451Z,1MaCRPwKfk,109,2013-10-28T23:59:08.451Z
Pointer,Book,x4Y2h7I13w,2016-08-29T06:39:51.840Z,1NXcUXzDVe,222,2016-08-29T06:39:51.840Z
Pointer,Book,vLG4i67pK0,2015-05-09T08:36:17.675Z,1Q3MbfrNEn,157,2015-05-09T08:36:17.675Z
Pointer,Book,jusW0kLqie,2015-12-31T10:30:56.765Z,1TOgKV6vlt,238,2015-12-31T10:30:56.765Z
Pointer,Book,8TF8hK805i,2015-05-09T22:15:16.611Z,1UGydItybW,31,2015-05-09T22:15:16.611Z
Pointer,Book,vLG4i67pK0,2013-06-05T22:43:37.549Z,1f5tNVX21t,90,2013-06-05T22:43:37.549Z
Pointer,Book,ULXfoPOpTf,2013-11-15T20:00:09.737Z,1tW7gm0KW5,22,2013-11-15T20:00:09.737Z
Pointer,Book,BrQFiK8OaB,2016-10-03T23:40:51.884Z,1wXv0O8SwR,87,2016-10-03T23:40:51.884Z
Pointer,Book,siO42YRYc3,2016-08-15T15:45:38.747Z,27yZGEjRqr,28,2016-08-15T15:45:38.747Z
Pointer,Book,Ac4ft1nYAP,2013-05-31T21:43:29.125Z,28gw7DJzeD,,2013-05-31T21:43:29.125Z
Pointer,Book,lx0daQ5CLU,2016-09-11T07:16:30.553Z,29V96F5tTO,13,2016-09-11T07:16:30.553Z
Pointer,Book,ijv3jhysHU,2016-02-14T19:00:49.177Z,2C9QADhHXY,5,2016-02-14T19:00:49.177Z
Pointer,Book,ZVzdheBpEw,2013-07-12T07:27:22.443Z,2KY0nlU9MK,135,2013-07-12T07:27:22.443Z
Pointer,Book,yAKFMM0lw6,2015-02-05T19:27:44.678Z,2KYx8rVzZr,88,2015-02-05T19:27:44.678Z
Pointer,Book,kYUq9IFhI9,2014-04-30T18:40:29.310Z,2PJnfbem49,132,2014-04-30T18:40:29.310Z
Pointer,Book,h746Iq3VnP,2016-04-13T23:03:28.452Z,2Xwa4IsDPc,60,2016-04-13T23:03:28.452Z
Pointer,Book,NsnxVdVR3i,2013-10-28T23:56:49.017Z,2fUoHIFzPr,196,2013-10-28T23:56:49.017Z
Pointer,Book,dKMzvt4Vq3,2013-06-15T10:05:28.195Z,2fuYZvObBA,277,2013-06-15T10:05:28.195Z
Pointer,Book,gxDDWWSdou,2013-10-29T00:01:49.267Z,2m0XRbTFFp,105,2013-10-29T00:01:49.267Z
Pointer,Book,NBz8wReDOf,2015-04-03T13:48:37.790Z,2qb35ix9fx,115,2015-04-03T13:48:37.790Z
Pointer,Book,gJnnEoEEja,2013-11-14T20:48:58.413Z,2zIPAXynVX,45,2013-11-14T20:48:58.413Z
Pointer,Book,sce1bCPaSM,2014-04-30T18:23:17.744Z,2zyZNs63LY,409,2014-04-30T18:23:17.744Z
Pointer,Book,Ac4ft1nYAP,2013-11-17T22:33:58.216Z,30A23kPFri,248,2013-11-17T22:33:58.216Z
Pointer,Book,NGM0Po33a9,2013-11-27T17:36:23.486Z,34wTGJ5X69,114,2013-11-27T17:36:23.486Z
Pointer,Book,FBEOFZXxar,2015-08-28T12:35:50.059Z,3HihRvdlwU,148,2015-08-28T12:35:50.059Z
Pointer,Book,x6ZKKzKGMI,2016-10-31T22:41:41.067Z,3L0LJVrC4N,234,2016-10-31T22:41:41.067Z
Pointer,Book,fo7LbeE8Zt,2013-10-31T20:38:38.225Z,3OL80SecvF,147,2013-10-31T20:38:38.225Z
Pointer,Book,siO42YRYc3,2016-10-23T07:36:21.645Z,3fTwmFDNvv,81,2016-10-23T07:36:21.645Z
Pointer,Book,Iixe4ksc4d,2016-12-03T09:02:30.078Z,3iPBKkCnJh,37,2016-12-03T09:02:30.078Z
Pointer,Book,sce1bCPaSM,2014-03-06T22:55:13.786Z,43tALPxTdE,220,2014-03-06T22:55:13.786Z
Pointer,Book,yDUtJ3puag,2015-11-03T20:24:37.286Z,4D138bW7Ir,142,2015-11-03T20:24:37.286Z
Pointer,Book,vLG4i67pK0,2014-03-05T19:52:49.723Z,4IWtuXshEN,149,2014-03-05T19:52:49.723Z
Pointer,Book,TR90qG78nx,2013-05-31T21:41:29.094Z,4Q7eHbjhmZ,79,2013-05-31T21:41:29.094Z
Pointer,Book,NBz8wReDOf,2015-03-14T02:50:10.508Z,4ROUNomhJD,6,2015-03-14T02:50:10.508Z
Pointer,Book,wj5BQC7lER,2013-09-29T16:20:40.397Z,4WqJRsVeKz,40,2013-09-29T16:20:40.397Z
Pointer,Book,NGM0Po33a9,2014-05-19T07:31:12.156Z,4XsvbfmSYK,188,2014-05-19T07:31:12.156Z
Pointer,Book,GK9kJzykmE,2013-06-02T21:36:00.984Z,4dfFR80ZqA,0,2013-06-02T21:36:00.984Z
Pointer,Book,lx0daQ5CLU,2016-09-12T07:14:22.709Z,4jf1mzty3G,122,2016-09-12T07:14:22.709Z
Pointer,Book,UZpIxybhKG,2013-10-28T23:55:59.096Z,4sOnH5T9ol,109,2013-10-28T23:55:59.096Z
Pointer,Book,CMNu2baYj7,2016-12-03T13:34:37.745Z,4wZODzhC46,0,2016-12-03T13:34:37.745Z
Pointer,Book,vLG4i67pK0,2014-02-03T21:41:16.513Z,5185Je0PST,125,2014-02-03T21:41:16.513Z
Pointer,Book,ighoY8YTko,2013-09-13T12:41:56.517Z,5AAQsrSx4b,639,2013-09-13T12:41:56.517Z
Pointer,Book,JN4fXFaXkq,2013-11-16T10:13:03.438Z,5LzePX3MJa,180,2013-11-16T10:13:03.438Z
Pointer,Book,yAKFMM0lw6,2015-03-05T23:44:35.812Z,5Q1XJF1N7d,133,2015-03-05T23:44:35.812Z
Pointer,Book,5JW5Jz4BXx,2015-07-03T11:44:52.534Z,5Q2J5ruiOR,104,2015-07-03T11:44:52.534Z
Pointer,Book,Ac4ft1nYAP,2013-10-02T21:49:06.749Z,5dka2sQ8RG,144,2013-10-02T21:49:06.749Z
Pointer,Book,x4Y2h7I13w,2016-08-31T17:20:52.660Z,5fip3ws6E8,298,2016-08-31T17:20:52.660Z
Pointer,Book,5JW5Jz4BXx,2015-07-06T23:19:04.165Z,5gvkPD4mva,202,2015-07-06T23:19:04.165Z
Pointer,Book,dKMzvt4Vq3,2013-06-06T12:19:16.126Z,5tvIVZOr6z,20,2013-06-06T12:19:16.126Z
Pointer,Book,5XkegrQEwb,2013-12-31T14:18:48.975Z,5w6BvFlhew,142,2013-12-31T14:18:48.975Z
Pointer,Book,eoZUve3Vh2,2013-09-29T15:39:45.728Z,5wlFoylteA,,2013-09-29T15:39:45.728Z
Pointer,Book,sce1bCPaSM,2014-01-30T20:14:02.139Z,6IxudxIlyc,192,2014-01-30T20:14:02.139Z
Pointer,Book,NGM0Po33a9,2013-10-14T18:13:20.521Z,6PzjWYcLqi,60,2013-10-14T18:13:20.521Z
Pointer,Book,Pu3sB02kn6,2015-05-28T00:02:56.665Z,6YVpIdKYjO,124,2015-05-28T00:02:56.665Z
Pointer,Book,NBz8wReDOf,2015-03-15T18:12:53.888Z,6yCyAcceYW,12,2015-03-15T18:12:53.888Z
Pointer,Book,sce1bCPaSM,2013-10-17T21:01:25.577Z,70WKzxCenp,86,2013-10-17T21:01:25.577Z
Pointer,Book,5XkegrQEwb,2013-12-31T12:00:13.470Z,71VfdUydVz,129,2013-12-31T12:00:13.470Z
Pointer,Book,vLG4i67pK0,2015-06-03T19:10:56.056Z,7KsXsF2mtc,178,2015-06-03T19:10:56.056Z
Pointer,Book,x6ZKKzKGMI,2016-09-28T13:37:43.574Z,7SWX9Nn69f,52,2016-09-28T13:37:43.574Z
Pointer,Book,wc6L9Mn5in,2015-09-26T13:00:36.937Z,7U5F7VVPwr,401,2015-09-26T13:00:36.937Z
Pointer,Book,UZpIxybhKG,2013-10-28T23:54:09.468Z,7UCE5TlF4d,109,2013-10-28T23:54:09.468Z
Pointer,Book,x4Y2h7I13w,2016-09-05T11:29:52.878Z,7Xw4dKrTkw,489,2016-09-05T11:29:52.878Z
Pointer,Book,5ke8t2tDdd,2016-06-12T11:20:51.132Z,7YYB4bro2i,20,2016-06-12T11:20:51.132Z
Pointer,Book,a85IA45jB6,2013-10-28T23:59:14.475Z,7ZjdXDffeX,21,2013-10-28T23:59:14.475Z
Pointer,Book,SUKIgvUnfa,2013-11-17T22:13:29.094Z,7esbGyIPQ2,136,2013-11-17T22:13:29.094Z
Pointer,Book,Pu3sB02kn6,2015-06-01T09:22:24.179Z,7gvDZdxnnh,256,2015-06-01T09:22:24.179Z
Pointer,Book,BrQFiK8OaB,2016-10-13T18:00:52.624Z,7o149f8SlA,278,2016-10-13T18:00:52.624Z
Pointer,Book,ighoY8YTko,2013-11-17T22:30:33.221Z,7y8MnAz0W4,1259,2013-11-17T22:30:33.221Z
Pointer,Book,7KXV1SNeON,2013-10-29T00:01:56.093Z,87KVAi1rfD,0,2013-10-29T00:01:56.093Z
Pointer,Book,NMEvAbBNqe,2015-01-07T08:29:23.845Z,8DIOrkorkj,410,2015-01-07T08:29:23.845Z
Pointer,Book,GK9kJzykmE,2013-06-05T08:59:30.068Z,8DNf25HWNO,24,2013-06-05T08:59:30.068Z
Pointer,Book,NGM0Po33a9,2013-10-12T10:10:14.928Z,8Dceu4mXA5,42,2013-10-12T10:10:14.928Z
Pointer,Book,sce1bCPaSM,2014-04-14T21:33:53.620Z,8EZaOENL0f,272,2014-04-14T21:33:53.620Z
Pointer,Book,9tLbbcF4IH,2015-02-19T01:02:06.117Z,8i90v0KJXV,173,2015-02-19T01:02:06.117Z
Pointer,Book,yAKFMM0lw6,2015-02-19T00:59:45.336Z,8l73Ggq1lI,125,2015-02-19T00:59:45.336Z
Pointer,Book,SUKIgvUnfa,2015-06-11T11:55:50.924Z,8yxrgm7z4z,171,2015-06-11T11:55:50.924Z
Pointer,Book,gxDDWWSdou,2013-10-29T00:01:41.424Z,91ke664p6y,105,2013-10-29T00:01:41.424Z
Pointer,Book,ighoY8YTko,2013-09-27T19:32:22.997Z,9ApF4xYhvr,1099,2013-09-27T19:32:22.997Z
Pointer,Book,gJnnEoEEja,2013-11-14T20:49:16.566Z,9GQz7fzkZp,105,2013-11-14T20:49:16.566Z
Pointer,Book,POJ7DTlBNu,2013-09-29T15:48:13.263Z,9Lr2YIOYE5,,2013-09-29T15:48:13.263Z
Pointer,Book,0Ye95uyj3d,2013-11-24T13:24:41.104Z,9LuwurLR0z,24,2013-11-24T13:24:41.104Z
Pointer,Book,fo7LbeE8Zt,2013-10-26T10:20:05.346Z,9Ri0aYCLx2,118,2013-10-26T10:20:05.346Z
Pointer,Book,ighoY8YTko,2013-09-27T19:21:27.328Z,9VZJeu93f6,1098,2013-09-27T19:21:27.328Z
Pointer,Book,bY8kcJMSzj,2013-11-14T20:36:31.980Z,9ZVxjH8zaH,2,2013-11-14T20:36:31.980Z
Pointer,Book,lntqmwMpMQ,2016-11-19T02:05:22.780Z,9amJfwmgjq,384,2016-11-19T02:05:22.780Z
Pointer,Book,wj5BQC7lER,2013-10-28T22:41:05.385Z,9moONCrsmX,4000,2013-10-28T22:41:05.385Z
Pointer,Book,yAKFMM0lw6,2015-03-11T23:33:40.500Z,9oCmzSywTr,167,2015-03-11T23:33:40.500Z
Pointer,Book,Ac4ft1nYAP,2013-10-03T21:29:51.793Z,9sYb84HBxm,164,2013-10-03T21:29:51.793Z
Pointer,Book,NMEvAbBNqe,2014-11-21T13:46:13.631Z,9tbpbFYiXL,37,2014-11-21T13:46:13.631Z
Pointer,Book,5JW5Jz4BXx,2015-07-06T11:47:46.819Z,A0QUCYvg5U,152,2015-07-06T11:47:46.819Z
Pointer,Book,yAKFMM0lw6,2015-03-09T01:01:59.650Z,A0eSAL8yy6,138,2015-03-09T01:01:59.650Z
Pointer,Book,NGM0Po33a9,2014-03-22T08:25:47.899Z,AC6bRSj6pb,143,2014-03-22T08:25:47.899Z
Pointer,Book,lntqmwMpMQ,2016-11-01T18:29:59.244Z,ANRfhsrdev,29,2016-11-01T18:29:59.244Z
Pointer,Book,Ac4ft1nYAP,2013-06-05T22:43:08.530Z,APh1assvXn,70,2013-06-05T22:43:08.530Z
Pointer,Book,lx0daQ5CLU,2016-09-24T08:34:21.067Z,APiQAYXNAi,288,2016-09-24T08:34:21.067Z
Pointer,Book,kYUq9IFhI9,2014-03-05T20:13:18.904Z,AZY29TkInV,67,2014-03-05T20:13:18.904Z
Pointer,Book,ighoY8YTko,2013-10-06T22:29:49.330Z,AeXer60Xyq,1259,2013-10-06T22:29:49.330Z
Pointer,Book,FBEOFZXxar,2015-10-20T01:08:54.349Z,AuPM5oyr8G,243,2015-10-20T01:08:54.349Z
Pointer,Book,fo7LbeE8Zt,2013-10-01T22:25:23.343Z,AwlLfcCDhO,112,2013-10-01T22:25:23.343Z
Pointer,Book,sce1bCPaSM,2013-11-17T22:12:06.947Z,Axo1XlypFX,156,2013-11-17T22:12:06.947Z
Pointer,Book,ighoY8YTko,2013-10-01T22:25:46.777Z,Az8Z4R398n,1150,2013-10-01T22:25:46.777Z
Pointer,Book,0Ye95uyj3d,2013-11-26T23:17:18.666Z,B5TfL58Mx7,54,2013-11-26T23:17:18.666Z
Pointer,Book,x6ZKKzKGMI,2016-11-07T20:34:31.105Z,BFIePWqYSd,403,2016-11-07T20:34:31.105Z
Pointer,Book,93NxVMYkdr,2013-09-27T19:19:45.160Z,BGoo34eHLG,50,2013-09-27T19:19:45.160Z
Pointer,Book,ijv3jhysHU,2016-07-12T11:21:25.070Z,BQzE7jCXHi,16,2016-07-12T11:21:25.070Z
Pointer,Book,0Ye95uyj3d,2013-11-24T23:31:14.056Z,BY9vmf8W5Z,34,2013-11-24T23:31:14.056Z
Pointer,Book,NGM0Po33a9,2013-11-17T22:10:45.488Z,BYFjN4M9un,80,2013-11-17T22:10:45.488Z
Pointer,Book,sce1bCPaSM,2013-09-26T08:44:19.446Z,Ba7Pw9kdiQ,0,2013-09-26T08:44:19.446Z
Pointer,Book,BYyfD9XYq6,2015-10-30T13:10:11.230Z,BeaHDXJYQh,146,2015-10-30T13:10:11.230Z
Pointer,Book,kjFbH4PqOC,2016-11-20T12:15:17.446Z,BfZQnPUGjp,16,2016-11-20T12:15:17.446Z
Pointer,Book,jusW0kLqie,2015-12-01T21:33:27.257Z,BoazHQFTp0,38,2015-12-01T21:33:27.257Z
Pointer,Book,5JW5Jz4BXx,2015-07-15T23:13:57.132Z,C1Z6srtdef,436,2015-07-15T23:13:57.132Z
Pointer,Book,hBdnzFmvlp,2013-09-29T15:57:39.692Z,C2cRol8IgW,46,2013-09-29T15:57:39.692Z
Pointer,Book,BrQFiK8OaB,2016-10-14T22:46:26.290Z,C2to1l3gkR,294,2016-10-14T22:46:26.290Z
Pointer,Book,GK9kJzykmE,2013-06-07T07:31:33.944Z,C7Txzp1cMG,90,2013-06-07T07:31:33.944Z
Pointer,Book,7KXV1SNeON,2013-10-28T23:59:17.600Z,CC4nbAKRjl,0,2013-10-28T23:59:17.600Z
Pointer,Book,53WsKpMeby,2014-09-30T08:25:36.432Z,CCwJAAGRuk,408,2014-09-30T08:25:36.432Z
Pointer,Book,5IUxg2BnXZ,2015-06-14T07:57:58.489Z,CbG5F8EeZp,42,2015-06-14T07:57:58.489Z
Pointer,Book,GK9kJzykmE,2013-10-28T23:57:45.123Z,CcNb7gAjRp,142,2013-10-28T23:57:45.123Z
Pointer,Book,x6ZKKzKGMI,2016-09-18T23:56:06.561Z,Ci8I32cokb,16,2016-09-18T23:56:06.561Z
Pointer,Book,yAKFMM0lw6,2015-02-05T00:48:16.792Z,CkajkxyLaF,72,2015-02-05T00:48:16.792Z
Pointer,Book,0Ye95uyj3d,2013-11-21T18:28:25.317Z,CmwWVe1NtJ,6,2013-11-21T18:28:25.317Z
Pointer,Book,sce1bCPaSM,2013-11-14T23:47:35.916Z,Cvc87trHiZ,156,2013-11-14T23:47:35.916Z
Pointer,Book,GK9kJzykmE,2013-06-05T19:45:18.796Z,D4GaiFzZTq,90,2013-06-05T19:45:18.796Z
Pointer,Book,dKMzvt4Vq3,2013-06-10T13:23:09.339Z,DU4zmkbtXn,143,2013-06-10T13:23:09.339Z
Pointer,Book,5IUxg2BnXZ,2015-06-22T17:00:01.695Z,DYoW4RA8aJ,158,2015-06-22T17:00:01.695Z
Pointer,Book,5XkegrQEwb,2013-12-29T11:26:04.435Z,DmJXEuuRJr,74,2013-12-29T11:26:04.435Z
Pointer,Book,BrQFiK8OaB,2016-09-30T12:33:26.547Z,Dnfp6fQhx2,22,2016-09-30T12:33:26.547Z
Pointer,Book,xdTRCL8whw,2013-11-17T22:31:05.884Z,DnlD6F7N6a,252,2013-11-17T22:31:05.884Z
Pointer,Book,yDUtJ3puag,2015-08-11T06:31:07.377Z,EDMAlF42C0,130,2015-08-11T06:31:07.377Z
Pointer,Book,wc6L9Mn5in,2015-10-12T17:53:37.459Z,EMEP47esi9,576,2015-10-12T17:53:37.459Z
Pointer,Book,fwlakc1hng,2015-04-21T23:21:39.822Z,EOG5WXjd3J,124,2015-04-21T23:21:39.822Z
Pointer,Book,sce1bCPaSM,2014-06-29T14:16:55.872Z,ESlyu1DIUR,888,2014-06-29T14:16:55.872Z
Pointer,Book,5IUxg2BnXZ,2015-06-22T07:17:59.556Z,EjrxMcLhy8,149,2015-06-22T07:17:59.556Z
Pointer,Book,IXEyOshnyS,2013-10-28T23:14:33.587Z,Emf81om8LY,33,2013-10-28T23:14:33.587Z
Pointer,Book,dKMzvt4Vq3,2013-06-08T08:42:22.233Z,EyAjLWab7j,75,2013-06-08T08:42:22.233Z
Pointer,Book,NMEvAbBNqe,2014-11-28T03:30:36.273Z,F6lD1P64HV,178,2014-11-28T03:30:36.273Z
Pointer,Book,fo7LbeE8Zt,2013-11-12T11:43:00.464Z,F99JwAfsOp,158,2013-11-12T11:43:00.464Z
Pointer,Book,yAKFMM0lw6,2015-02-10T19:06:58.204Z,F9fvsW9yf5,103,2015-02-10T19:06:58.204Z
Pointer,Book,kYUq9IFhI9,2014-03-21T20:25:12.014Z,FC8Z7Ls7TQ,84,2014-03-21T20:25:12.014Z
Pointer,Book,l4OpcOncXg,2013-11-14T19:22:46.204Z,FERmWqavSW,2,2013-11-14T19:22:46.204Z
Pointer,Book,5IUxg2BnXZ,2015-06-24T12:48:06.298Z,FGMQdfKk5Z,181,2015-06-24T12:48:06.298Z
Pointer,Book,Vau52XDluf,2013-06-03T10:06:36.771Z,FHK5l4SK2V,362,2013-06-03T10:06:36.771Z
Pointer,Book,YrWXFPbTEm,2016-03-16T15:44:13.744Z,FL7a78Rr7q,0,2016-03-16T15:44:13.744Z
Pointer,Book,wc6L9Mn5in,2015-09-04T06:38:26.748Z,FTDPbmHZEZ,113,2015-09-04T06:38:26.748Z
Pointer,Book,lx0daQ5CLU,2016-09-27T16:52:37.365Z,FUMObET6re,447,2016-09-27T16:52:37.365Z
Pointer,Book,sce1bCPaSM,2014-05-16T00:27:36.788Z,FVfCbDozhg,480,2014-05-16T00:27:36.788Z
Pointer,Book,kYUq9IFhI9,2014-04-30T18:24:05.739Z,Fk78DWnSjP,120,2014-04-30T18:24:05.739Z
Pointer,Book,jusW0kLqie,2015-12-23T10:57:38.933Z,GBXw7KYFjA,198,2015-12-23T10:57:38.933Z
Pointer,Book,Ac4ft1nYAP,2013-10-08T07:29:04.429Z,GQIKS82ZKn,207,2013-10-08T07:29:04.429Z
Pointer,Book,N2ZzSGFANN,2013-11-26T22:29:28.250Z,GltVGPPocs,0,2013-11-26T22:29:28.250Z
Pointer,Book,WAJ6OzBfLH,2013-11-14T20:46:39.756Z,GltiXyNs0S,12,2013-11-14T20:46:39.756Z
Pointer,Book,Ac4ft1nYAP,2013-10-01T22:24:29.997Z,H2JaW0IMOq,128,2013-10-01T22:24:29.997Z
Pointer,Book,x4Y2h7I13w,2016-08-12T11:43:50.851Z,H2PcDGanYa,0,2016-08-12T11:43:50.851Z
Pointer,Book,Ac4ft1nYAP,2013-10-01T13:36:49.247Z,H76BAE3oaw,110,2013-10-01T13:36:49.247Z
Pointer,Book,sce1bCPaSM,2014-07-09T17:22:04.153Z,H86ye6K2AI,1244,2014-07-09T17:22:04.153Z
Pointer,Book,YQ6qXY0L1Y,2016-10-16T07:10:32.938Z,H98vuRKU8A,24,2016-10-16T07:10:32.938Z
Pointer,Book,pIgOBSjuSt,2013-10-28T23:10:52.979Z,H9GOMrVBih,4,2013-10-28T23:10:52.979Z
Pointer,Book,wc6L9Mn5in,2015-10-05T11:55:26.561Z,H9uOuXobDm,458,2015-10-05T11:55:26.561Z
Pointer,Book,NGM0Po33a9,2013-10-10T20:26:23.414Z,HHQNNC3bS7,23,2013-10-10T20:26:23.414Z
Pointer,Book,5JW5Jz4BXx,2015-07-17T15:33:43.160Z,HHgFADVwji,461,2015-07-17T15:33:43.160Z
Pointer,Book,yAKFMM0lw6,2015-03-11T23:33:54.583Z,HZLSnqhFCJ,167,2015-03-11T23:33:54.583Z
Pointer,Book,5IUxg2BnXZ,2015-06-11T11:25:06.084Z,HZgU0Vc02G,16,2015-06-11T11:25:06.084Z
,,,2013-05-31T19:42:03.336Z,HilkkY09Sd,278,2013-05-31T19:42:03.336Z
Pointer,Book,ZbiHSUuwwB,2016-07-12T11:29:37.069Z,HpSaskdbfw,35,2016-07-12T11:29:37.069Z
Pointer,Book,NBz8wReDOf,2015-04-02T13:41:02.703Z,HzL4XjYXPJ,107,2015-04-02T13:41:02.703Z
Pointer,Book,kYUq9IFhI9,2014-03-25T22:19:34.281Z,HzpAoPnKby,92,2014-03-25T22:19:34.281Z
Pointer,Book,2km1WqWBz4,2013-10-30T23:55:48.808Z,I7r8OJsE6k,55,2013-10-30T23:55:48.808Z
Pointer,Book,Iixe4ksc4d,2016-12-04T11:02:41.759Z,ICSbYeHqF5,202,2016-12-04T11:02:41.759Z
Pointer,Book,BrQFiK8OaB,2016-10-25T17:55:43.381Z,IH6Cwy1dnb,467,2016-10-25T17:55:43.381Z
Pointer,Book,VR1DgqHPp9,2014-09-01T18:06:21.401Z,IMOjXohtUk,66,2014-09-01T18:06:21.401Z
Pointer,Book,SUKIgvUnfa,2015-05-03T08:14:03.311Z,ITInO8yEvF,165,2015-05-03T08:14:03.311Z
Pointer,Book,VR1DgqHPp9,2014-09-21T12:02:08.914Z,IU8Z6kW3Ne,252,2014-09-21T12:02:08.914Z
Pointer,Book,YrWXFPbTEm,2016-11-30T00:27:10.285Z,IUCwjtvQrJ,31,2016-11-30T00:27:10.285Z
Pointer,Book,ighoY8YTko,2013-09-29T17:57:24.485Z,IYlmGucrC9,1124,2013-09-29T17:57:24.485Z
Pointer,Book,ibrMJNXv7f,2013-11-15T19:58:30.759Z,IcwmNjp0mR,10,2013-11-15T19:58:30.759Z
Pointer,Book,lx0daQ5CLU,2016-09-08T11:55:50.460Z,InxITyW9XG,13,2016-09-08T11:55:50.460Z
Pointer,Book,ULXfoPOpTf,2013-11-15T20:00:18.774Z,IwB0POOZWW,,2013-11-15T20:00:18.774Z
Pointer,Book,POJ7DTlBNu,2013-09-29T15:44:57.045Z,J0QHMXPmoW,0,2013-09-29T15:44:57.045Z
Pointer,Book,NMEvAbBNqe,2016-02-14T11:31:03.046Z,JC4jdHrZCn,517,2016-02-14T11:31:03.046Z
Pointer,Book,xdTRCL8whw,2013-08-29T10:09:28.733Z,JDRfRJc16j,222,2013-08-29T10:09:28.733Z
Pointer,Book,gWDnHcCRh8,2016-06-18T07:56:16.821Z,JLDMo4RUP6,24,2016-06-18T07:56:16.821Z
Pointer,Book,FBEOFZXxar,2015-09-14T22:25:59.006Z,JZ2p1rNRye,200,2015-09-14T22:25:59.006Z
Pointer,Book,dKMzvt4Vq3,2013-06-06T12:19:05.004Z,JuM65zNI27,0,2013-06-06T12:19:05.004Z
Pointer,Book,wc6L9Mn5in,2014-10-02T23:18:50.040Z,K0OoDfkK1p,15,2014-10-02T23:18:50.040Z
Pointer,Book,x6ZKKzKGMI,2016-11-05T09:39:43.406Z,K7NVnFJ7Kj,300,2016-11-05T09:39:43.406Z
Pointer,Book,sce1bCPaSM,2014-05-03T09:47:59.926Z,K8fIuLQrhS,432,2014-05-03T09:47:59.926Z
Pointer,Book,0Ye95uyj3d,2013-11-24T13:24:57.705Z,KNzpbGuMS3,24,2013-11-24T13:24:57.705Z
Pointer,Book,NBz8wReDOf,2015-03-16T15:01:16.369Z,KURmetAZha,30,2015-03-16T15:01:16.369Z
Pointer,Book,gWDnHcCRh8,2016-08-29T06:24:00.220Z,KdFK1ZQEDm,44,2016-08-29T06:24:00.220Z
Pointer,Book,Vau52XDluf,2013-06-03T20:36:12.016Z,KhAwLmaLmM,465,2013-06-03T20:36:12.016Z
Pointer,Book,kYUq9IFhI9,2015-04-27T13:15:02.405Z,KrnkzdV82G,207,2015-04-27T13:15:02.405Z
Pointer,Book,BrQFiK8OaB,2016-10-07T21:16:01.727Z,KzcWljiXns,140,2016-10-07T21:16:01.727Z
Pointer,Book,0Ye95uyj3d,2014-05-07T20:22:31.080Z,LC3nZigSTB,116,2014-05-07T20:22:31.080Z
Pointer,Book,siO42YRYc3,2016-11-20T11:15:41.708Z,LFzrhOTzLM,88,2016-11-20T11:15:41.708Z
Pointer,Book,dKMzvt4Vq3,2013-11-17T22:31:55.387Z,LMe78Z0Mzy,635,2013-11-17T22:31:55.387Z
Pointer,Book,W1gfjQROE1,2013-10-26T16:57:56.232Z,LNJwfnhJ9Y,28,2013-10-26T16:57:56.232Z
Pointer,Book,l4OpcOncXg,2013-11-14T19:23:34.273Z,LQVW8PkNgy,2,2013-11-14T19:23:34.273Z
Pointer,Book,NBz8wReDOf,2015-04-01T13:02:08.873Z,LYJpgMpNWR,89,2015-04-01T13:02:08.873Z
Pointer,Book,uXlOsnO30l,2015-08-12T17:02:38.489Z,LYkIRWB0uJ,0,2015-08-12T17:02:38.489Z
Pointer,Book,ypCiiss1HK,2016-02-10T17:53:15.180Z,LZYDaBDOyo,0,2016-02-10T17:53:15.180Z
Pointer,Book,kYUq9IFhI9,2014-01-18T19:00:24.878Z,Lf6Ksv6cSS,24,2014-01-18T19:00:24.878Z
Pointer,Book,53WsKpMeby,2014-08-16T16:25:30.727Z,LnE4pCJ10s,138,2014-08-16T16:25:30.727Z
,,,2013-05-31T19:41:32.604Z,LsG9zAGen8,30,2013-05-31T19:41:32.604Z
Pointer,Book,uXlOsnO30l,2015-11-12T09:17:16.626Z,LtCIbDjCdk,26,2015-11-12T09:17:16.626Z
Pointer,Book,fwlakc1hng,2015-04-22T11:59:51.216Z,LybxEbIuM0,146,2015-04-22T11:59:51.216Z
Pointer,Book,UZpIxybhKG,2013-10-28T23:52:49.051Z,M4hphPDjAp,109,2013-10-28T23:52:49.051Z
Pointer,Book,GK9kJzykmE,2013-06-05T00:54:20.995Z,M5mmhdcyJK,19,2013-06-05T00:54:20.995Z
Pointer,Book,vLG4i67pK0,2013-10-10T20:53:27.668Z,MDn3vIXafA,102,2013-10-10T20:53:27.668Z
Pointer,Book,VOzMQJ3WQW,2013-11-17T22:15:32.647Z,MF65UdyFmk,0,2013-11-17T22:15:32.647Z
Pointer,Book,BYyfD9XYq6,2015-08-11T17:05:19.284Z,MJmTeFTOGl,0,2015-08-11T17:05:19.284Z
Pointer,Book,GK9kJzykmE,2013-06-14T17:34:41.142Z,MV153fiE6f,125,2013-06-14T17:34:41.142Z
Pointer,Book,ijv3jhysHU,2016-07-12T11:18:03.383Z,McoDznWUCy,15,2016-07-12T11:18:03.383Z
Pointer,Book,kYUq9IFhI9,2015-04-25T06:45:32.646Z,Md10PGTBvn,177,2015-04-25T06:45:32.646Z
Pointer,Book,hBdnzFmvlp,2013-09-29T15:57:52.779Z,Mi4YDh45xZ,345,2013-09-29T15:57:52.779Z
Pointer,Book,ighoY8YTko,2013-09-27T19:32:01.687Z,MjkOK4W93F,1259,2013-09-27T19:32:01.687Z
Pointer,Book,ZbiHSUuwwB,2015-06-11T12:22:25.336Z,Mp7FwXca7s,15,2015-06-11T12:22:25.336Z
Pointer,Book,ixVuqbZmCD,2015-08-12T16:59:25.738Z,N0DFDj5QPp,0,2015-08-12T16:59:25.738Z
Pointer,Book,lntqmwMpMQ,2016-11-01T18:14:31.851Z,NC5hUh8RSZ,15,2016-11-01T18:14:31.851Z
Pointer,Book,FBEOFZXxar,2015-08-26T23:12:31.364Z,NDb4PKsCY2,140,2015-08-26T23:12:31.364Z
Pointer,Book,VOzMQJ3WQW,2015-05-12T18:18:11.041Z,NJadVc72Hr,14,2015-05-12T18:18:11.041Z
Pointer,Book,vLG4i67pK0,2013-11-12T17:24:50.121Z,NKGq8mbovp,114,2013-11-12T17:24:50.121Z
Pointer,Book,5IUxg2BnXZ,2015-06-17T08:21:24.744Z,NNABzU8fcJ,78,2015-06-17T08:21:24.744Z
Pointer,Book,D0ZZ0qIr3g,2013-10-31T23:48:45.898Z,NUnV25j6MB,2,2013-10-31T23:48:45.898Z
Pointer,Book,GK9kJzykmE,2013-06-07T07:31:43.838Z,NVB0XOq9Pz,94,2013-06-07T07:31:43.838Z
Pointer,Book,dwmHlZL09k,2016-04-04T11:26:48.192Z,NeL8IUUbOj,1,2016-04-04T11:26:48.192Z
Pointer,Book,GK9kJzykmE,2013-06-05T18:59:20.390Z,NjJwDuscIy,45,2013-06-05T18:59:20.390Z
Pointer,Book,vLG4i67pK0,2015-10-21T18:32:38.668Z,NwkbUQYVyH,235,2015-10-21T18:32:38.668Z
Pointer,Book,Yt98om8y1u,2014-10-02T01:02:45.330Z,O6mlGddCu2,111,2014-10-02T01:02:45.330Z
Pointer,Book,oU14GxC7t8,2015-05-18T15:12:52.134Z,OOGMYxOVqH,101,2015-05-18T15:12:52.134Z
Pointer,Book,wc6L9Mn5in,2015-10-06T22:00:08.923Z,OWQ0atJ1oP,518,2015-10-06T22:00:08.923Z
Pointer,Book,sk6FzS2Kmy,2016-02-05T00:43:57.897Z,OYaifiUKqz,0,2016-02-05T00:43:57.897Z
Pointer,Book,ipMZyhbXNc,2016-11-20T12:39:43.509Z,Obdb1npQ2H,4,2016-11-20T12:39:43.509Z
Pointer,Book,5JW5Jz4BXx,2015-07-10T16:48:36.067Z,OcSTCxrHd4,305,2015-07-10T16:48:36.067Z
Pointer,Book,6KyMdXDhoK,2016-07-23T13:20:43.465Z,OcXlGMaNmR,68,2016-07-23T13:20:43.465Z
Pointer,Book,siO42YRYc3,2016-09-18T23:50:42.560Z,OihRzcZ5PD,58,2016-09-18T23:50:42.560Z
Pointer,Book,sce1bCPaSM,2013-11-14T23:48:03.899Z,On80ju0InY,156,2013-11-14T23:48:03.899Z
Pointer,Book,l4OpcOncXg,2013-11-14T19:31:59.432Z,PC3hJJxKrc,102,2013-11-14T19:31:59.432Z
Pointer,Book,QqbWrAFs9E,2014-09-21T12:01:32.325Z,POKF9XQESR,0,2014-09-21T12:01:32.325Z
Pointer,Book,0Ye95uyj3d,2013-11-26T23:38:08.866Z,PT81xeUOdQ,68,2013-11-26T23:38:08.866Z
Pointer,Book,l4OpcOncXg,2013-11-14T19:16:19.728Z,PTOFAjBFt0,1,2013-11-14T19:16:19.728Z
Pointer,Book,D0ZZ0qIr3g,2013-10-31T23:49:25.084Z,PTWXIfNyFA,1,2013-10-31T23:49:25.084Z
Pointer,Book,wc6L9Mn5in,2014-09-30T23:19:29.275Z,PaSVPlbx3c,0,2014-09-30T23:19:29.275Z
Pointer,Book,6KyMdXDhoK,2016-07-23T06:27:42.908Z,PcotEZIav1,40,2016-07-23T06:27:42.908Z
Pointer,Book,lx0daQ5CLU,2016-09-08T11:45:25.971Z,PfY9Yeqyh6,0,2016-09-08T11:45:25.971Z
Pointer,Book,VR1DgqHPp9,2013-11-17T22:11:26.486Z,PoekrkiW4N,40,2013-11-17T22:11:26.486Z
Pointer,Book,pA2yM6p0zA,2013-10-28T21:29:20.106Z,PvRHHlJNAZ,225,2013-10-28T21:29:20.106Z
Pointer,Book,ZVzdheBpEw,2013-07-12T12:03:57.920Z,Q1lejJyZJq,148,2013-07-12T12:03:57.920Z
Pointer,Book,gNzbpfuH8N,2013-10-28T23:04:23.399Z,Q3hId78SNe,100,2013-10-28T23:04:23.399Z
Pointer,Book,oU14GxC7t8,2014-10-09T13:23:08.502Z,Q42FZBNjgK,0,2014-10-09T13:23:08.502Z
Pointer,Book,ijv3jhysHU,2016-02-05T13:23:38.303Z,Q6i5BLbeSA,3,2016-02-05T13:23:38.303Z
Pointer,Book,Pu3sB02kn6,2015-05-27T12:35:47.115Z,Q76FHyD48P,50,2015-05-27T12:35:47.115Z
Pointer,Book,kYUq9IFhI9,2014-04-23T22:01:57.072Z,QHrpWZD3A9,105,2014-04-23T22:01:57.072Z
Pointer,Book,VOzMQJ3WQW,2015-06-11T12:33:43.391Z,QIekJydMcv,18,2015-06-11T12:33:43.391Z
Pointer,Book,oU14GxC7t8,2015-04-21T23:23:24.688Z,QIpY2HAvuj,26,2015-04-21T23:23:24.688Z
Pointer,Book,8TF8hK805i,2015-05-08T09:02:15.956Z,QPxiVg3SNw,3,2015-05-08T09:02:15.956Z
Pointer,Book,FBEOFZXxar,2015-10-18T09:50:01.525Z,Qb7S3LwRQY,235,2015-10-18T09:50:01.525Z
Pointer,Book,NGM0Po33a9,2013-11-20T19:29:54.179Z,Qg3KwGk6YS,104,2013-11-20T19:29:54.179Z
Pointer,Book,8TF8hK805i,2016-02-14T18:55:39.764Z,QlSdAnQGVF,52,2016-02-14T18:55:39.764Z
Pointer,Book,sce1bCPaSM,2014-05-31T12:04:06.881Z,QlxNJQSGD9,567,2014-05-31T12:04:06.881Z
Pointer,Book,fRUP2Z1DAu,2013-11-14T20:46:02.592Z,R0CWS9WNbO,1,2013-11-14T20:46:02.592Z
Pointer,Book,BrQFiK8OaB,2016-10-05T23:09:04.293Z,RZ1PIUlXbI,108,2016-10-05T23:09:04.293Z
Pointer,Book,NGM0Po33a9,2013-11-20T19:27:47.565Z,RlOzRhlTF7,102,2013-11-20T19:27:47.565Z
Pointer,Book,sce1bCPaSM,2014-03-08T22:24:23.573Z,S5eDr9QuBX,236,2014-03-08T22:24:23.573Z
Pointer,Book,wc6L9Mn5in,2015-10-13T17:26:43.433Z,S66XNy5rFQ,605,2015-10-13T17:26:43.433Z
Pointer,Book,lx0daQ5CLU,2016-09-19T23:30:42.449Z,S7pMrgGFpj,214,2016-09-19T23:30:42.449Z
Pointer,Book,jusW0kLqie,2016-01-01T11:16:30.571Z,SAYYnFcXSG,246,2016-01-01T11:16:30.571Z
Pointer,Book,dKMzvt4Vq3,2013-06-07T08:41:39.490Z,SAxYbktMHo,54,2013-06-07T08:41:39.490Z
Pointer,Book,wc6L9Mn5in,2015-09-06T07:20:08.251Z,SGWgX4bEbI,150,2015-09-06T07:20:08.251Z
Pointer,Book,VR1DgqHPp9,2014-09-25T07:55:29.762Z,SJF1ATXdsP,310,2014-09-25T07:55:29.762Z
Pointer,Book,VR1DgqHPp9,2013-10-10T20:23:12.234Z,STEWkZLEwS,36,2013-10-10T20:23:12.234Z
Pointer,Book,h8vW1xEFqx,2016-02-05T00:28:24.333Z,SUAp0mM9Rj,0,2016-02-05T00:28:24.333Z
Pointer,Book,2km1WqWBz4,2013-10-30T23:58:47.971Z,SX5hURf0JK,10,2013-10-30T23:58:47.971Z
Pointer,Book,oU14GxC7t8,2015-05-23T05:00:26.632Z,SXYWLy8vd6,298,2015-05-23T05:00:26.632Z
Pointer,Book,sPU20VDeG7,2016-08-31T10:00:37.073Z,ScmH90nmLa,0,2016-08-31T10:00:37.073Z
Pointer,Book,sce1bCPaSM,2014-04-23T22:43:26.417Z,SewR1522Y0,342,2014-04-23T22:43:26.417Z
Pointer,Book,Yt98om8y1u,2014-10-03T10:31:18.326Z,SjtYP5Ycwl,153,2014-10-03T10:31:18.326Z
Pointer,Book,x4Y2h7I13w,2016-08-15T01:01:15.233Z,SmKcL5h26J,44,2016-08-15T01:01:15.233Z
Pointer,Book,ighoY8YTko,2013-09-06T17:39:28.791Z,Sok5U6jXl7,366,2013-09-06T17:39:28.791Z
Pointer,Book,FBEOFZXxar,2015-08-23T11:27:15.681Z,SwecTUlojo,36,2015-08-23T11:27:15.681Z
Pointer,Book,jusW0kLqie,2016-01-01T11:33:39.167Z,TBqTi9y0F7,254,2016-01-01T11:33:39.167Z
Pointer,Book,ZVzdheBpEw,2013-07-11T12:46:20.839Z,TGT9uXjzSD,98,2013-07-11T12:46:20.839Z
Pointer,Book,FBEOFZXxar,2015-09-13T10:52:32.894Z,TWhn0ey5ja,162,2015-09-13T10:52:32.894Z
Pointer,Book,jusW0kLqie,2015-06-07T10:58:34.703Z,TcKMxAng2u,0,2015-06-07T10:58:34.703Z
Pointer,Book,W1gfjQROE1,2013-11-17T22:44:05.227Z,TkQQU6Vj9Y,204,2013-11-17T22:44:05.227Z
Pointer,Book,VOzMQJ3WQW,2013-11-14T21:21:00.479Z,Tl3f46GY30,0,2013-11-14T21:21:00.479Z
Pointer,Book,2DTAPa3bUe,2013-11-15T20:00:47.812Z,TmdxJaj3oo,100,2013-11-15T20:00:47.812Z
Pointer,Book,5IUxg2BnXZ,2015-06-25T21:34:27.976Z,TrK3qef6il,202,2015-06-25T21:34:27.976Z
Pointer,Book,W1gfjQROE1,2013-11-17T22:44:39.902Z,TtiQStutso,252,2013-11-17T22:44:39.902Z
Pointer,Book,fwlakc1hng,2015-05-07T18:01:52.818Z,TvtjHDH7J9,250,2015-05-07T18:01:52.818Z
Pointer,Book,rb7oY0GRAw,2016-03-16T15:42:34.164Z,TxtoqveTNa,0,2016-03-16T15:42:34.164Z
Pointer,Book,wc6L9Mn5in,2015-09-18T20:01:50.971Z,UBhoeK4nZA,302,2015-09-18T20:01:50.971Z
Pointer,Book,x6ZKKzKGMI,2016-11-04T23:47:08.886Z,UDU4Oaz5MI,281,2016-11-04T23:47:08.886Z
Pointer,Book,Yt98om8y1u,2014-09-30T08:26:54.317Z,UGh2dlruVF,36,2014-09-30T08:26:54.317Z
Pointer,Book,ipMZyhbXNc,2016-12-01T09:02:53.131Z,UJ4L1XYIjV,16,2016-12-01T09:02:53.131Z
Pointer,Book,dKMzvt4Vq3,2013-06-24T07:30:23.541Z,UJlDpXeXdb,635,2013-06-24T07:30:23.541Z
Pointer,Book,ZntqrNcXqi,2013-11-14T20:22:11.275Z,UQ77hADhu4,1,2013-11-14T20:22:11.275Z
Pointer,Book,BrQFiK8OaB,2016-10-12T05:35:23.894Z,UZvLAwdv1H,244,2016-10-12T05:35:23.894Z
Pointer,Book,YrWXFPbTEm,2016-12-03T08:26:06.754Z,UabdZXRVfm,41,2016-12-03T08:26:06.754Z
Pointer,Book,x4Y2h7I13w,2016-08-22T20:46:35.344Z,UbgsnYrF9a,144,2016-08-22T20:46:35.344Z
Pointer,Book,fwlakc1hng,2015-04-21T23:21:57.861Z,UfAY9bGwNL,125,2015-04-21T23:21:57.861Z
Pointer,Book,ipMZyhbXNc,2016-11-20T20:49:01.564Z,UkWVt9rvYW,12,2016-11-20T20:49:01.564Z
Pointer,Book,l4OpcOncXg,2013-11-14T19:29:13.654Z,UrwHogYPNG,4,2013-11-14T19:29:13.654Z
Pointer,Book,ZbiHSUuwwB,2016-06-18T07:50:14.078Z,UvmO2cuxpc,30,2016-06-18T07:50:14.078Z
Pointer,Book,8TF8hK805i,2016-02-14T18:52:01.214Z,V28MSwcA6r,50,2016-02-14T18:52:01.214Z
Pointer,Book,0Ye95uyj3d,2013-11-17T22:14:53.043Z,VAOb33r6Ih,0,2013-11-17T22:14:53.043Z
Pointer,Book,NMEvAbBNqe,2014-11-24T00:09:55.080Z,VCIxZybwm6,79,2014-11-24T00:09:55.080Z
Pointer,Book,vLG4i67pK0,2014-02-08T09:17:39.912Z,VGGHpoQzUI,138,2014-02-08T09:17:39.912Z
Pointer,Book,vLG4i67pK0,2015-06-11T12:13:08.650Z,VGoMNwo4Sh,183,2015-06-11T12:13:08.650Z
Pointer,Book,6iciA69V2r,2013-11-14T21:32:37.094Z,VNlNQqreO4,60,2013-11-14T21:32:37.094Z
Pointer,Book,hBdnzFmvlp,2013-06-08T10:07:16.591Z,VTbIjTKpd9,30,2013-06-08T10:07:16.591Z
,,,2013-05-31T19:41:54.226Z,VVPmopPpAT,268,2013-05-31T19:41:54.226Z
Pointer,Book,ijv3jhysHU,2016-02-04T18:22:56.307Z,VXaKTuDT0o,1,2016-02-04T18:22:56.307Z
Pointer,Book,gJnnEoEEja,2013-11-14T20:49:05.685Z,VXzD2cxSb3,48,2013-11-14T20:49:05.685Z
Pointer,Book,ibrMJNXv7f,2013-11-15T19:58:39.229Z,Vd1GRLQl53,,2013-11-15T19:58:39.229Z
Pointer,Book,EB9QgQeQcn,2013-11-14T20:22:45.670Z,VeEZsmdDWp,1,2013-11-14T20:22:45.670Z
Pointer,Book,a85IA45jB6,2013-10-29T00:02:22.151Z,VlUEvbJ5br,21,2013-10-29T00:02:22.151Z
Pointer,Book,gNzbpfuH8N,2013-10-28T23:03:55.531Z,VqT7gak0Cl,10,2013-10-28T23:03:55.531Z
Pointer,Book,ipMZyhbXNc,2016-12-03T08:45:23.705Z,VxBr4vkw4c,19,2016-12-03T08:45:23.705Z
Pointer,Book,JN4fXFaXkq,2013-11-16T10:12:31.729Z,VxHr2G4gKY,0,2013-11-16T10:12:31.729Z
Pointer,Book,5JW5Jz4BXx,2015-07-01T22:03:11.659Z,W27dUWIjDp,0,2015-07-01T22:03:11.659Z
Pointer,Book,h8vW1xEFqx,2016-02-05T00:42:05.817Z,W3dIKp3s2K,13,2016-02-05T00:42:05.817Z
Pointer,Book,wc6L9Mn5in,2015-09-15T19:06:35.457Z,WICxLgKIKi,253,2015-09-15T19:06:35.457Z
Pointer,Book,yAKFMM0lw6,2015-02-05T19:28:26.564Z,WLiRvxowfy,88,2015-02-05T19:28:26.564Z
Pointer,Book,NBz8wReDOf,2015-03-11T23:38:06.027Z,WMnYxUhvds,0,2015-03-11T23:38:06.027Z
Pointer,Book,hBdnzFmvlp,2013-06-08T10:07:22.354Z,WPGqvkMlMB,35,2013-06-08T10:07:22.354Z
Pointer,Book,h746Iq3VnP,2016-04-13T23:06:31.343Z,WRO0lUIOEu,93,2016-04-13T23:06:31.343Z
Pointer,Book,BrQFiK8OaB,2016-10-22T22:35:05.682Z,Wk2iwI3LQe,370,2016-10-22T22:35:05.682Z
Pointer,Book,NMEvAbBNqe,2016-02-14T11:40:25.313Z,X0YIT8gdPK,521,2016-02-14T11:40:25.313Z
Pointer,Book,vLG4i67pK0,2015-10-22T13:09:23.093Z,XEf5Qq9cqS,260,2015-10-22T13:09:23.093Z
Pointer,Book,pA2yM6p0zA,2013-10-28T11:02:22.689Z,XU8GGUmbKb,219,2013-10-28T11:02:22.689Z
Pointer,Book,uXlOsnO30l,2015-08-17T12:38:02.529Z,XasgPFFTJX,3,2015-08-17T12:38:02.529Z
Pointer,Book,l4OpcOncXg,2013-11-14T19:22:39.080Z,XcVk2QmluZ,2,2013-11-14T19:22:39.080Z
Pointer,Book,wc6L9Mn5in,2015-10-17T08:09:34.619Z,XgfBvxwUGI,682,2015-10-17T08:09:34.619Z
Pointer,Book,NGM0Po33a9,2013-11-18T22:29:11.509Z,XizTulbMUf,91,2013-11-18T22:29:11.509Z
Pointer,Book,YORGZP9jjg,2013-11-15T20:51:08.361Z,XmIFRGxUTD,2,2013-11-15T20:51:08.361Z
Pointer,Book,kYUq9IFhI9,2015-04-30T08:25:57.691Z,XnCBlRux67,260,2015-04-30T08:25:57.691Z
Pointer,Book,8TF8hK805i,2015-05-09T17:32:14.356Z,XsHue5BLqn,26,2015-05-09T17:32:14.356Z
Pointer,Book,2km1WqWBz4,2013-10-31T00:13:09.015Z,XtIwbNzEOf,11,2013-10-31T00:13:09.015Z
Pointer,Book,N2ZzSGFANN,2013-11-26T22:29:27.790Z,YDJShIO3VR,0,2013-11-26T22:29:27.790Z
Pointer,Book,fwlakc1hng,2015-05-03T08:14:23.179Z,YNXih8Ahmf,159,2015-05-03T08:14:23.179Z
Pointer,Book,ZbiHSUuwwB,2015-05-04T08:54:00.059Z,YOVUwZZUFP,11,2015-05-04T08:54:00.059Z
Pointer,Book,Vau52XDluf,2013-06-03T12:34:25.209Z,YTOQpZj2H0,397,2013-06-03T12:34:25.209Z
Pointer,Book,ZVzdheBpEw,2013-08-18T23:28:48.510Z,Yi6zM8vYAT,842,2013-08-18T23:28:48.510Z
Pointer,Book,W1gfjQROE1,2013-10-28T21:28:55.306Z,Yn6JRpop56,46,2013-10-28T21:28:55.306Z
Pointer,Book,yAKFMM0lw6,2015-02-03T00:07:30.881Z,YzFHdbq0eI,35,2015-02-03T00:07:30.881Z
Pointer,Book,FBEOFZXxar,2015-09-14T22:07:12.407Z,Z5aShbQG94,188,2015-09-14T22:07:12.407Z
Pointer,Book,kYUq9IFhI9,2014-01-11T13:21:05.005Z,Z6kJwBYTcJ,0,2014-01-11T13:21:05.005Z
Pointer,Book,ighoY8YTko,2013-09-28T20:13:10.195Z,ZBjtJeQ8LY,1111,2013-09-28T20:13:10.195Z
Pointer,Book,5IUxg2BnXZ,2015-06-28T16:39:31.158Z,ZFGg7zb6dZ,288,2015-06-28T16:39:31.158Z
Pointer,Book,YqGCLpTl5J,2013-11-15T20:49:31.246Z,ZIrD4ro78t,1,2013-11-15T20:49:31.246Z
Pointer,Book,sce1bCPaSM,2014-05-09T23:28:57.974Z,ZNYx4OKokJ,443,2014-05-09T23:28:57.974Z
Pointer,Book,l4OpcOncXg,2013-11-14T19:16:38.271Z,ZQIHw0Q3BG,2,2013-11-14T19:16:38.271Z
Pointer,Book,53WsKpMeby,2014-09-01T18:06:04.750Z,ZY1V4pEkVt,338,2014-09-01T18:06:04.750Z
Pointer,Book,sce1bCPaSM,2013-10-08T20:53:54.828Z,ZdKT7Ciqwh,11,2013-10-08T20:53:54.828Z
Pointer,Book,NMEvAbBNqe,2015-08-09T10:20:12.144Z,ZfFGjHLyS0,487,2015-08-09T10:20:12.144Z
Pointer,Book,T5WMT8SwxC,2013-11-14T21:21:58.054Z,Zm7ATLfsuY,20,2013-11-14T21:21:58.054Z
Pointer,Book,7KXV1SNeON,2013-10-28T23:57:30.608Z,a7dw43GpOO,0,2013-10-28T23:57:30.608Z
Pointer,Book,fo7LbeE8Zt,2013-07-02T17:42:56.410Z,aGRemvnkFA,100,2013-07-02T17:42:56.410Z
Pointer,Book,ZbiHSUuwwB,2016-04-02T08:22:26.638Z,aXDPsPLvpR,22,2016-04-02T08:22:26.638Z
Pointer,Book,uXlOsnO30l,2015-11-13T19:17:59.787Z,adLmSxUgs5,40,2015-11-13T19:17:59.787Z
Pointer,Book,eoZUve3Vh2,2013-09-29T15:43:40.850Z,auydDy1mcH,,2013-09-29T15:43:40.850Z
Pointer,Book,Pu3sB02kn6,2015-05-28T12:25:53.135Z,azNdJrUtta,152,2015-05-28T12:25:53.135Z
Pointer,Book,fwlakc1hng,2015-05-02T08:04:01.356Z,b5NpWj9Uf2,153,2015-05-02T08:04:01.356Z
Pointer,Book,VOzMQJ3WQW,2013-11-16T10:23:22.494Z,b9QUoHEDWR,0,2013-11-16T10:23:22.494Z
Pointer,Book,uXlOsnO30l,2015-11-19T09:03:31.783Z,bFFvRzn66q,53,2015-11-19T09:03:31.783Z
Pointer,Book,lntqmwMpMQ,2016-11-15T14:58:48.994Z,bUimTfntee,183,2016-11-15T14:58:48.994Z
Pointer,Book,VOzMQJ3WQW,2013-11-17T20:17:17.255Z,baaaOVukRX,0,2013-11-17T20:17:17.255Z
Pointer,Book,wc6L9Mn5in,2015-09-11T06:23:31.434Z,cGMRbsZai7,202,2015-09-11T06:23:31.434Z
Pointer,Book,sce1bCPaSM,2014-05-12T21:59:12.867Z,cGQ7w1Y0tC,462,2014-05-12T21:59:12.867Z
Pointer,Book,Ac4ft1nYAP,2013-06-04T12:50:45.485Z,cNvMGeROgj,48,2013-06-04T12:50:45.485Z
Pointer,Book,NGM0Po33a9,2013-10-10T08:32:37.245Z,cSlJwZXSZd,16,2013-10-10T08:32:37.245Z
Pointer,Book,fwlakc1hng,2015-05-05T08:16:01.215Z,cYGV39ZeNl,175,2015-05-05T08:16:01.215Z
Pointer,Book,ZbiHSUuwwB,2015-04-25T10:55:02.746Z,chEBU2kbbh,0,2015-04-25T10:55:02.746Z
Pointer,Book,YqGCLpTl5J,2013-11-15T20:50:31.479Z,ckanwOAs8x,100,2013-11-15T20:50:31.479Z
Pointer,Book,D0ZZ0qIr3g,2013-10-31T23:47:54.980Z,cxkXSGInU1,2,2013-10-31T23:47:54.980Z
Pointer,Book,fo7LbeE8Zt,2013-11-12T11:49:24.450Z,d09nBZFqLP,159,2013-11-12T11:49:24.450Z
Pointer,Book,FBEOFZXxar,2015-08-25T12:15:54.598Z,d890ierjsf,95,2015-08-25T12:15:54.598Z
Pointer,Book,yAKFMM0lw6,2015-03-12T23:20:43.372Z,dD5yanRfGa,174,2015-03-12T23:20:43.372Z
Pointer,Book,fo7LbeE8Zt,2013-10-26T17:06:22.309Z,dNKFBJVGui,126,2013-10-26T17:06:22.309Z
Pointer,Book,yAKFMM0lw6,2015-02-05T17:50:31.762Z,dQ66dzQ8EC,79,2015-02-05T17:50:31.762Z
Pointer,Book,NBz8wReDOf,2015-04-15T10:51:06.951Z,dUfeQOzbsL,161,2015-04-15T10:51:06.951Z
Pointer,Book,fo7LbeE8Zt,2013-11-12T22:15:38.882Z,dUhTK0sXCV,166,2013-11-12T22:15:38.882Z
Pointer,Book,D0ZZ0qIr3g,2013-10-31T23:48:28.259Z,daN9lIjgpO,199,2013-10-31T23:48:28.259Z
Pointer,Book,sce1bCPaSM,2013-10-08T21:39:35.073Z,ddhQ4haqBz,24,2013-10-08T21:39:35.073Z
Pointer,Book,klTwqFiFhd,2013-11-14T20:34:38.154Z,deTX0o3iOV,1,2013-11-14T20:34:38.154Z
Pointer,Book,yDUtJ3puag,2015-09-27T07:04:58.043Z,deeitEdjU0,134,2015-09-27T07:04:58.043Z
Pointer,Book,BYyfD9XYq6,2015-10-29T18:02:12.727Z,dwjLZxiakt,100,2015-10-29T18:02:12.727Z
Pointer,Book,a85IA45jB6,2013-10-28T23:57:26.470Z,dyHKYfycaa,21,2013-10-28T23:57:26.470Z
Pointer,Book,6KyMdXDhoK,2016-07-21T09:52:16.310Z,e8i2W2olKq,0,2016-07-21T09:52:16.310Z
Pointer,Book,FBEOFZXxar,2015-10-22T01:07:44.071Z,eBxgAwLodh,264,2015-10-22T01:07:44.071Z
Pointer,Book,5JW5Jz4BXx,2015-07-08T07:15:45.417Z,eD77VNRZZu,266,2015-07-08T07:15:45.417Z
Pointer,Book,sce1bCPaSM,2013-11-14T23:47:25.859Z,eDjuO9bTqG,156,2013-11-14T23:47:25.859Z
Pointer,Book,GK9kJzykmE,2013-10-28T23:59:11.790Z,eFgVBCJgVs,142,2013-10-28T23:59:11.790Z
Pointer,Book,sce1bCPaSM,2013-10-12T08:30:51.374Z,eINNnGKjMf,48,2013-10-12T08:30:51.374Z
Pointer,Book,sce1bCPaSM,2013-10-21T23:00:33.996Z,eIuVjf9zn6,135,2013-10-21T23:00:33.996Z
Pointer,Book,5ke8t2tDdd,2016-10-23T07:50:24.101Z,eKpxE7QiGv,27,2016-10-23T07:50:24.101Z
Pointer,Book,NMEvAbBNqe,2014-11-20T14:05:45.983Z,eeIuRMaBnc,20,2014-11-20T14:05:45.983Z
Pointer,Book,yAKFMM0lw6,2015-02-18T00:31:33.380Z,f35dNy2sBJ,117,2015-02-18T00:31:33.380Z
Pointer,Book,jusW0kLqie,2015-12-14T17:29:43.425Z,f5EMbJGk9a,119,2015-12-14T17:29:43.425Z
Pointer,Book,UZpIxybhKG,2013-10-28T23:48:07.128Z,fFsfevIxcE,109,2013-10-28T23:48:07.128Z
Pointer,Book,ijv3jhysHU,2016-06-18T07:33:50.488Z,fK7vBxoNHS,11,2016-06-18T07:33:50.488Z
Pointer,Book,W1gfjQROE1,2013-10-30T23:40:45.075Z,fKEZ3f6n0B,70,2013-10-30T23:40:45.075Z
Pointer,Book,NMEvAbBNqe,2015-10-30T22:39:46.602Z,fNqCxdfAPN,511,2015-10-30T22:39:46.602Z
Pointer,Book,Ac4ft1nYAP,2013-10-04T12:57:44.678Z,fcLAiHJ2Sq,182,2013-10-04T12:57:44.678Z
Pointer,Book,VR1DgqHPp9,2014-09-12T09:04:35.927Z,fmZrSgc3wG,180,2014-09-12T09:04:35.927Z
Pointer,Book,Yt98om8y1u,2014-09-30T23:08:23.033Z,fxCIDKYdot,50,2014-09-30T23:08:23.033Z
Pointer,Book,NGM0Po33a9,2014-03-27T21:56:56.934Z,g0e2Qc6r2C,162,2014-03-27T21:56:56.934Z
Pointer,Book,lx0daQ5CLU,2016-09-26T19:29:36.216Z,g0mkK5ypUx,383,2016-09-26T19:29:36.216Z
Pointer,Book,fo7LbeE8Zt,2013-10-29T19:18:17.450Z,g2QBkPpBZZ,139,2013-10-29T19:18:17.450Z
Pointer,Book,T5WMT8SwxC,2013-11-14T21:22:24.626Z,g2rKqi4ENk,,2013-11-14T21:22:24.626Z
Pointer,Book,FBEOFZXxar,2015-08-22T19:50:12.892Z,g6LGfHqCnv,30,2015-08-22T19:50:12.892Z
Pointer,Book,hBdnzFmvlp,2013-09-27T21:42:59.905Z,gDviJWmRse,35,2013-09-27T21:42:59.905Z
Pointer,Book,vLG4i67pK0,2015-05-03T08:20:48.985Z,gFNpLiU9Pz,154,2015-05-03T08:20:48.985Z
Pointer,Book,kYUq9IFhI9,2015-04-28T19:13:09.768Z,gKQaYFwYMA,225,2015-04-28T19:13:09.768Z
Pointer,Book,POJ7DTlBNu,2013-09-29T15:45:05.196Z,gSdBIiJYCB,,2013-09-29T15:45:05.196Z
Pointer,Book,93NxVMYkdr,2013-09-27T19:18:57.202Z,gTVIb7GbdB,49,2013-09-27T19:18:57.202Z
Pointer,Book,5ke8t2tDdd,2016-06-04T15:06:53.331Z,gbQEeXCJWL,2,2016-06-04T15:06:53.331Z
Pointer,Book,sce1bCPaSM,2014-06-14T07:40:09.248Z,glTEEosVEQ,650,2014-06-14T07:40:09.248Z
Pointer,Book,1UbrobRmwr,2013-11-15T20:48:09.389Z,gsZT6pxEXD,1,2013-11-15T20:48:09.389Z
Pointer,Book,Iixe4ksc4d,2016-12-04T23:07:36.250Z,gsn0WsMvuj,269,2016-12-04T23:07:36.250Z
Pointer,Book,Pu3sB02kn6,2015-06-01T12:09:25.849Z,h1MNQGWICo,298,2015-06-01T12:09:25.849Z
Pointer,Book,kYUq9IFhI9,2014-01-11T13:21:05.773Z,hEOFzTP3gr,0,2014-01-11T13:21:05.773Z
Pointer,Book,sPU20VDeG7,2016-11-20T11:56:45.880Z,hIw3qEnwwt,12,2016-11-20T11:56:45.880Z
,,,2013-05-31T19:42:08.385Z,hTBI0kWBzX,268,2013-05-31T19:42:08.385Z
Pointer,Book,ighoY8YTko,2013-09-05T20:49:19.381Z,hlq2wVH474,310,2013-09-05T20:49:19.381Z
Pointer,Book,BYyfD9XYq6,2015-10-30T08:42:33.281Z,hzU9f3HzjL,131,2015-10-30T08:42:33.281Z
Pointer,Book,ighoY8YTko,2013-10-03T21:03:54.413Z,i4I1ScT7ak,1174,2013-10-03T21:03:54.413Z
Pointer,Book,NGM0Po33a9,2013-11-12T17:21:13.136Z,i9pLD0zdZz,80,2013-11-12T17:21:13.136Z
Pointer,Book,gNzbpfuH8N,2013-10-28T23:04:04.880Z,iCjQMVVWgJ,100,2013-10-28T23:04:04.880Z
Pointer,Book,ZbiHSUuwwB,2016-08-29T06:06:40.933Z,iGKwWN46yO,58,2016-08-29T06:06:40.933Z
Pointer,Book,FBEOFZXxar,2015-08-25T09:36:28.757Z,iJd9ACFqDX,87,2015-08-25T09:36:28.757Z
Pointer,Book,0Ye95uyj3d,2014-05-16T00:41:44.655Z,iLyaoVBKlN,126,2014-05-16T00:41:44.655Z
Pointer,Book,kjFbH4PqOC,2016-08-12T11:48:08.698Z,iVfriFZA0R,0,2016-08-12T11:48:08.698Z
Pointer,Book,x6ZKKzKGMI,2016-10-28T21:51:38.073Z,iYoAqhHGhB,180,2016-10-28T21:51:38.073Z
Pointer,Book,pA2yM6p0zA,2013-11-17T22:12:38.210Z,ijJduYlLwL,234,2013-11-17T22:12:38.210Z
Pointer,Book,oU14GxC7t8,2015-05-16T17:56:35.759Z,iqZasbJ37O,85,2015-05-16T17:56:35.759Z
Pointer,Book,Yt98om8y1u,2014-10-09T13:21:14.171Z,isFeZAoFGm,365,2014-10-09T13:21:14.171Z
Pointer,Book,wc6L9Mn5in,2015-09-22T22:08:49.375Z,j1jm5gf0Er,350,2015-09-22T22:08:49.375Z
Pointer,Book,VOzMQJ3WQW,2015-05-12T18:18:10.668Z,jKR2djbDI0,14,2015-05-12T18:18:10.668Z
Pointer,Book,Ac4ft1nYAP,2013-05-31T21:44:17.138Z,jMRK1jGLRU,30,2013-05-31T21:44:17.138Z
Pointer,Book,8EniUb9dfW,2016-08-08T10:54:21.502Z,jYI9Aijvl6,113,2016-08-08T10:54:21.502Z
Pointer,Book,NMEvAbBNqe,2015-01-15T14:16:26.537Z,jaL4YMqCKJ,450,2015-01-15T14:16:26.537Z
Pointer,Book,NMEvAbBNqe,2015-08-13T08:51:05.408Z,jthBxr3DPV,491,2015-08-13T08:51:05.408Z
Pointer,Book,x4Y2h7I13w,2016-08-29T06:25:49.261Z,jwMORLlgu2,216,2016-08-29T06:25:49.261Z
Pointer,Book,kxgv4bPRzw,2013-11-17T22:08:12.146Z,k0AX9ryGyX,210,2013-11-17T22:08:12.146Z
Pointer,Book,pA2yM6p0zA,2013-10-26T17:11:28.500Z,k50kIcJhE9,202,2013-10-26T17:11:28.500Z
Pointer,Book,W1gfjQROE1,2013-11-11T20:54:41.270Z,k6AzvNGIjJ,204,2013-11-11T20:54:41.270Z
Pointer,Book,UZpIxybhKG,2013-10-28T23:54:16.383Z,k8n0hHo5Rz,109,2013-10-28T23:54:16.383Z
Pointer,Book,2km1WqWBz4,2013-10-31T00:09:52.233Z,k9704CKkNV,111,2013-10-31T00:09:52.233Z
Pointer,Book,fGeAjjfkeY,2013-11-14T20:41:26.060Z,kJJ4cdxFvc,1,2013-11-14T20:41:26.060Z
Pointer,Book,hJ64ZrdiVc,2013-11-14T20:28:41.122Z,kLSMjUWknn,1,2013-11-14T20:28:41.122Z
Pointer,Book,5JW5Jz4BXx,2015-07-06T23:18:50.485Z,kMD8cII2yT,202,2015-07-06T23:18:50.485Z
Pointer,Book,oU14GxC7t8,2015-05-22T07:20:37.950Z,kQghWNa6dG,245,2015-05-22T07:20:37.950Z
Pointer,Book,GK9kJzykmE,2013-06-14T07:38:30.989Z,kbMJL9arAt,112,2013-06-14T07:38:30.989Z
Pointer,Book,gWDnHcCRh8,2016-06-06T19:02:45.923Z,keKWr52Dbg,18,2016-06-06T19:02:45.923Z
Pointer,Book,D0ZZ0qIr3g,2013-10-31T23:49:10.958Z,kg6pYppxEO,0,2013-10-31T23:49:10.958Z
Pointer,Book,l4OpcOncXg,2013-11-14T20:15:51.064Z,kpQqwZA0sm,102,2013-11-14T20:15:51.064Z
Pointer,Book,kYUq9IFhI9,2014-04-30T18:33:03.993Z,ktVZOSwirE,127,2014-04-30T18:33:03.993Z
Pointer,Book,NBz8wReDOf,2015-03-17T12:17:52.183Z,ktnbOXCoN7,55,2015-03-17T12:17:52.183Z
Pointer,Book,yAKFMM0lw6,2015-02-11T13:38:21.171Z,lCzKs9vT1w,106,2015-02-11T13:38:21.171Z
Pointer,Book,NMEvAbBNqe,2015-08-09T10:01:15.021Z,lDXhIyRFIe,480,2015-08-09T10:01:15.021Z
Pointer,Book,0Ye95uyj3d,2013-09-27T19:30:57.185Z,lImZfUAKjL,0,2013-09-27T19:30:57.185Z
Pointer,Book,W1gfjQROE1,2013-10-26T10:18:20.032Z,lMEdl7TGTV,24,2013-10-26T10:18:20.032Z
Pointer,Book,BrQFiK8OaB,2016-10-22T13:56:27.937Z,lOWPCLe88N,323,2016-10-22T13:56:27.937Z
Pointer,Book,2km1WqWBz4,2013-10-30T23:56:03.522Z,lRu14Rb5tP,10,2013-10-30T23:56:03.522Z
Pointer,Book,Iixe4ksc4d,2016-12-04T16:13:01.820Z,laeYd4bAsA,250,2016-12-04T16:13:01.820Z
Pointer,Book,dKMzvt4Vq3,2013-06-08T20:17:51.388Z,leuzh2hGf6,115,2013-06-08T20:17:51.388Z
Pointer,Book,8TF8hK805i,2015-09-13T10:54:46.438Z,lhBPwJutp1,42,2015-09-13T10:54:46.438Z
Pointer,Book,BrQFiK8OaB,2016-10-25T01:07:32.330Z,lnIZvOcmUu,412,2016-10-25T01:07:32.330Z
Pointer,Book,NBz8wReDOf,2015-03-16T00:55:54.584Z,mKX9P0JPBp,24,2015-03-16T00:55:54.584Z
Pointer,Book,sce1bCPaSM,2014-05-06T06:26:05.250Z,mS2aYjmRL1,439,2014-05-06T06:26:05.250Z
Pointer,Book,kYUq9IFhI9,2014-03-04T23:03:23.825Z,mcjTr4zJo2,52,2014-03-04T23:03:23.825Z
Pointer,Book,kYUq9IFhI9,2014-03-15T16:11:04.407Z,mdBJSB9W8v,80,2014-03-15T16:11:04.407Z
Pointer,Book,NMEvAbBNqe,2014-11-29T08:35:57.387Z,mdFMmHOcCE,212,2014-11-29T08:35:57.387Z
Pointer,Book,Ac4ft1nYAP,2013-10-08T20:53:19.563Z,mpHQdZwtxc,215,2013-10-08T20:53:19.563Z
Pointer,Book,YQ6qXY0L1Y,2016-06-13T17:19:22.412Z,mqsHg6bRvD,12,2016-06-13T17:19:22.412Z
Pointer,Book,NGM0Po33a9,2013-10-12T08:30:24.291Z,mrvDUZgPHV,32,2013-10-12T08:30:24.291Z
Pointer,Book,T5WMT8SwxC,2013-11-14T21:22:07.661Z,mx9PSScXr7,22,2013-11-14T21:22:07.661Z
Pointer,Book,yDUtJ3puag,2016-01-30T22:38:17.069Z,n6ZMyvbI3y,172,2016-01-30T22:38:17.069Z
Pointer,Book,Ac4ft1nYAP,2013-10-01T09:16:57.931Z,nDXz1WS9yQ,100,2013-10-01T09:16:57.931Z
Pointer,Book,lx0daQ5CLU,2016-09-22T05:09:11.456Z,nHSXDifUYj,273,2016-09-22T05:09:11.456Z
Pointer,Book,sce1bCPaSM,2014-04-11T07:38:59.075Z,nIStwYbgpi,266,2014-04-11T07:38:59.075Z
Pointer,Book,x4Y2h7I13w,2016-08-26T22:03:59.025Z,nMSLyjynAk,200,2016-08-26T22:03:59.025Z
Pointer,Book,8EniUb9dfW,2016-03-16T15:43:17.586Z,nQJRZYRTBu,0,2016-03-16T15:43:17.586Z
Pointer,Book,lx0daQ5CLU,2016-09-21T21:33:01.887Z,nQajqqvMgE,243,2016-09-21T21:33:01.887Z
Pointer,Book,gxDDWWSdou,2013-10-28T23:59:21.771Z,nWL2E8gCCI,105,2013-10-28T23:59:21.771Z
Pointer,Book,TR90qG78nx,2014-09-30T23:17:25.815Z,oN98hF1MSa,84,2014-09-30T23:17:25.815Z
Pointer,Book,YrWXFPbTEm,2016-12-08T09:32:35.062Z,oOP3I7PstO,48,2016-12-08T09:32:35.062Z
Pointer,Book,wc6L9Mn5in,2015-09-25T07:12:27.156Z,oUvmQkY7kZ,372,2015-09-25T07:12:27.156Z
Pointer,Book,eoZUve3Vh2,2013-09-29T15:40:34.625Z,octeZKSfVC,300,2013-09-29T15:40:34.625Z
Pointer,Book,x4Y2h7I13w,2016-08-14T14:53:27.145Z,owkunFO35l,27,2016-08-14T14:53:27.145Z
Pointer,Book,fwlakc1hng,2015-04-22T09:24:41.164Z,oy79QuOH9G,134,2015-04-22T09:24:41.164Z
Pointer,Book,YORGZP9jjg,2013-11-15T20:51:13.698Z,pAj0rr3Nwv,200,2013-11-15T20:51:13.698Z
Pointer,Book,x4Y2h7I13w,2016-08-29T22:20:59.989Z,pJvkMW5MP4,265,2016-08-29T22:20:59.989Z
Pointer,Book,VR1DgqHPp9,2013-11-12T17:31:55.443Z,pNn3vMIl4b,40,2013-11-12T17:31:55.443Z
Pointer,Book,W1gfjQROE1,2013-11-07T00:26:52.725Z,pP55LNkQp7,113,2013-11-07T00:26:52.725Z
Pointer,Book,5IUxg2BnXZ,2015-07-01T22:00:07.330Z,pQ6tltQeSL,430,2015-07-01T22:00:07.330Z
Pointer,Book,5IUxg2BnXZ,2015-06-18T18:19:10.882Z,pQbVBxkQnh,114,2015-06-18T18:19:10.882Z
Pointer,Book,NMEvAbBNqe,2016-02-14T11:39:15.810Z,pQvKsatHXN,520,2016-02-14T11:39:15.810Z
Pointer,Book,uXlOsnO30l,2016-02-14T17:55:00.331Z,pZIyKg1YaW,72,2016-02-14T17:55:00.331Z
Pointer,Book,GvBajbhgHO,2016-12-03T15:58:07.705Z,pbtKO95Yke,0,2016-12-03T15:58:07.705Z
Pointer,Book,yAKFMM0lw6,2015-02-03T00:29:26.378Z,pf8g9y7Ciu,42,2015-02-03T00:29:26.378Z
Pointer,Book,fo7LbeE8Zt,2013-11-14T22:39:32.764Z,prprhH3cDm,212,2013-11-14T22:39:32.764Z
Pointer,Book,ighoY8YTko,2013-09-06T22:12:15.941Z,qE6srUOzWQ,399,2013-09-06T22:12:15.941Z
Pointer,Book,ipMZyhbXNc,2016-03-17T14:09:29.613Z,qKvwE7PYXF,0,2016-03-17T14:09:29.613Z
Pointer,Book,BrQFiK8OaB,2016-10-22T14:34:02.973Z,qPD4bOJjbb,346,2016-10-22T14:34:02.973Z
Pointer,Book,6iciA69V2r,2013-11-14T21:32:29.763Z,qZIFqsdkeH,30,2013-11-14T21:32:29.763Z
Pointer,Book,SUKIgvUnfa,2015-11-03T20:35:17.529Z,qn0wyFo6nt,192,2015-11-03T20:35:17.529Z
Pointer,Book,5JW5Jz4BXx,2015-07-13T10:40:41.736Z,qoiPuA85oO,338,2015-07-13T10:40:41.736Z
Pointer,Book,vLG4i67pK0,2013-11-11T20:54:03.587Z,r0XCRDg0yM,112,2013-11-11T20:54:03.587Z
Pointer,Book,ighoY8YTko,2013-09-26T08:42:15.587Z,r1zRtwiRBo,1092,2013-09-26T08:42:15.587Z
Pointer,Book,yDUtJ3puag,2016-11-20T11:32:46.102Z,r6JXrx8QcC,196,2016-11-20T11:32:46.102Z
Pointer,Book,sce1bCPaSM,2014-04-19T09:30:37.839Z,r9LPDks9kg,311,2014-04-19T09:30:37.839Z
Pointer,Book,NMEvAbBNqe,2015-06-24T09:04:55.264Z,rE3qTPDqAf,472,2015-06-24T09:04:55.264Z
Pointer,Book,6KyMdXDhoK,2016-07-25T00:43:19.429Z,rJsnfGgSS2,104,2016-07-25T00:43:19.429Z
Pointer,Book,ighoY8YTko,2013-10-02T22:25:46.767Z,rJxlPL8qCu,1160,2013-10-02T22:25:46.767Z
Pointer,Book,BYyfD9XYq6,2015-10-28T23:00:15.107Z,rX2T6APA5Q,72,2015-10-28T23:00:15.107Z
Pointer,Book,yAKFMM0lw6,2015-03-09T22:13:36.512Z,rXWfS0yWWw,142,2015-03-09T22:13:36.512Z
Pointer,Book,gxDDWWSdou,2013-10-28T23:56:45.110Z,rmixfAhAD8,105,2013-10-28T23:56:45.110Z
Pointer,Book,wc6L9Mn5in,2015-09-01T13:03:05.130Z,rp8kYNEYDX,70,2015-09-01T13:03:05.130Z
Pointer,Book,gWDnHcCRh8,2016-07-12T11:36:03.371Z,rv2bDr1Aou,31,2016-07-12T11:36:03.371Z
Pointer,Book,93NxVMYkdr,2013-09-27T19:18:19.430Z,s31T6vbrul,45,2013-09-27T19:18:19.430Z
Pointer,Book,l4OpcOncXg,2013-11-14T19:31:31.446Z,s4hyHxBUCi,52,2013-11-14T19:31:31.446Z
Pointer,Book,8TF8hK805i,2016-02-14T18:46:23.504Z,s7Y4uVKivz,46,2016-02-14T18:46:23.504Z
Pointer,Book,GK9kJzykmE,2013-06-22T19:23:02.937Z,sK050c0qUZ,142,2013-06-22T19:23:02.937Z
Pointer,Book,uXlOsnO30l,2015-08-22T19:50:48.710Z,sfqssQ6ZY6,16,2015-08-22T19:50:48.710Z
Pointer,Book,NBz8wReDOf,2015-04-03T16:30:32.251Z,sylzzGNMLb,145,2015-04-03T16:30:32.251Z
Pointer,Book,NBz8wReDOf,2015-04-01T13:42:12.048Z,t02rBHmDNu,97,2015-04-01T13:42:12.048Z
Pointer,Book,ZVzdheBpEw,2013-07-12T07:15:16.873Z,t5jD6fme11,130,2013-07-12T07:15:16.873Z
Pointer,Book,lx0daQ5CLU,2016-09-12T21:29:40.352Z,tEam21b867,160,2016-09-12T21:29:40.352Z
Pointer,Book,NGM0Po33a9,2014-03-22T08:25:29.495Z,tRMs2nIoCT,143,2014-03-22T08:25:29.495Z
Pointer,Book,yDUtJ3puag,2016-12-03T08:36:35.377Z,tSiPMJypaf,200,2016-12-03T08:36:35.377Z
Pointer,Book,fwlakc1hng,2015-01-09T00:07:30.665Z,tXa2oFPRQG,23,2015-01-09T00:07:30.665Z
Pointer,Book,uXlOsnO30l,2016-02-14T17:41:17.886Z,tYf8eq2o6E,66,2016-02-14T17:41:17.886Z
Pointer,Book,YQ6qXY0L1Y,2016-06-11T20:21:06.261Z,teA42axR7O,4,2016-06-11T20:21:06.261Z
Pointer,Book,sce1bCPaSM,2014-01-31T21:23:46.805Z,tmkjTQ4lbK,206,2014-01-31T21:23:46.805Z
Pointer,Book,NBz8wReDOf,2015-03-17T11:42:18.159Z,trKQm48wkK,42,2015-03-17T11:42:18.159Z
Pointer,Book,sce1bCPaSM,2013-10-11T07:49:35.995Z,tsGhDdpF2c,29,2013-10-11T07:49:35.995Z
Pointer,Book,cwHd6pzDox,2013-11-14T20:44:46.759Z,txO7K4KMY9,1,2013-11-14T20:44:46.759Z
Pointer,Book,5XkegrQEwb,2013-12-26T00:23:38.350Z,tzLTPRYyzD,60,2013-12-26T00:23:38.350Z
Pointer,Book,9tLbbcF4IH,2015-02-19T01:03:23.655Z,u7xrDaKVAj,173,2015-02-19T01:03:23.655Z
Pointer,Book,Yt98om8y1u,2014-10-02T23:06:28.689Z,uDPCH1XpCw,130,2014-10-02T23:06:28.689Z
Pointer,Book,gJnnEoEEja,2013-11-14T20:49:34.662Z,uEd9ms53vC,150,2013-11-14T20:49:34.662Z
Pointer,Book,wc6L9Mn5in,2015-09-10T11:36:37.178Z,uF1yJJjmAi,189,2015-09-10T11:36:37.178Z
Pointer,Book,5XkegrQEwb,2013-12-26T00:34:13.061Z,uLutEo7fzC,64,2013-12-26T00:34:13.061Z
Pointer,Book,l4OpcOncXg,2013-11-14T19:24:27.627Z,uMCNSrvKys,3,2013-11-14T19:24:27.627Z
Pointer,Book,yDUtJ3puag,2016-02-05T13:24:07.557Z,uWtjQTQfGs,182,2016-02-05T13:24:07.557Z
Pointer,Book,Yt98om8y1u,2014-10-07T00:43:23.729Z,ubITwSaZQc,308,2014-10-07T00:43:23.729Z
Pointer,Book,UZpIxybhKG,2013-06-25T22:30:59.064Z,uhlxg8Wjrn,109,2013-06-25T22:30:59.064Z
Pointer,Book,BYyfD9XYq6,2015-11-01T09:40:53.595Z,ux2tc4GgNW,245,2015-11-01T09:40:53.595Z
Pointer,Book,ijv3jhysHU,2016-06-22T10:14:02.833Z,v0hDsDGT3X,13,2016-06-22T10:14:02.833Z
Pointer,Book,NMEvAbBNqe,2014-11-26T13:58:15.890Z,v71jDCTC6n,134,2014-11-26T13:58:15.890Z
Pointer,Book,wc6L9Mn5in,2015-09-14T22:26:30.229Z,vD8icZQ9jL,222,2015-09-14T22:26:30.229Z
Pointer,Book,NGM0Po33a9,2013-10-26T10:19:30.558Z,vPaMNKKm03,76,2013-10-26T10:19:30.558Z
Pointer,Book,x6ZKKzKGMI,2016-09-16T19:17:10.804Z,vbciwEHgzl,0,2016-09-16T19:17:10.804Z
Pointer,Book,hBdnzFmvlp,2013-06-09T15:27:30.208Z,vu4R92THTQ,35,2013-06-09T15:27:30.208Z
Pointer,Book,WHNksiqndS,2016-02-21T22:15:31.923Z,vv2snJCUky,14,2016-02-21T22:15:31.923Z
Pointer,Book,BYyfD9XYq6,2015-10-26T12:18:22.266Z,w4W25xZA3k,18,2015-10-26T12:18:22.266Z
Pointer,Book,ighoY8YTko,2013-10-05T22:21:40.848Z,w51xMoP50B,1198,2013-10-05T22:21:40.848Z
Pointer,Book,BYyfD9XYq6,2015-10-29T18:51:08.986Z,w6PZfcfYQQ,120,2015-10-29T18:51:08.986Z
Pointer,Book,8UqlVTSj7b,2013-11-18T09:22:39.193Z,wMJQDGlfYs,1,2013-11-18T09:22:39.193Z
Pointer,Book,yAKFMM0lw6,2015-02-05T20:15:46.705Z,wMSanF2yX7,93,2015-02-05T20:15:46.705Z
Pointer,Book,53WsKpMeby,2014-08-18T12:51:09.194Z,wOmKZ3c0tc,158,2014-08-18T12:51:09.194Z
Pointer,Book,NMEvAbBNqe,2014-12-01T23:31:46.022Z,wPujfeChhh,247,2014-12-01T23:31:46.022Z
Pointer,Book,yDUtJ3puag,2015-04-25T12:34:43.195Z,wWFdfZw3as,109,2015-04-25T12:34:43.195Z
Pointer,Book,NsnxVdVR3i,2013-10-29T00:02:17.006Z,wWOIZXPUtK,196,2013-10-29T00:02:17.006Z
Pointer,Book,l4OpcOncXg,2013-11-14T19:31:17.950Z,wZA3z4Emgy,4,2013-11-14T19:31:17.950Z
Pointer,Book,NsnxVdVR3i,2013-10-28T23:59:25.112Z,wehmo9oiFv,196,2013-10-28T23:59:25.112Z
Pointer,Book,6KyMdXDhoK,2016-08-08T10:54:06.124Z,wfOYkDT4eW,252,2016-08-08T10:54:06.124Z
Pointer,Book,2DTAPa3bUe,2013-11-15T20:00:42.672Z,wkJovMM7Ca,1,2013-11-15T20:00:42.672Z
Pointer,Book,fvEiKjFVlU,2013-11-14T20:34:05.181Z,wp27pBgRuA,10,2013-11-14T20:34:05.181Z
Pointer,Book,DM5QdtY267,2016-09-17T16:37:22.786Z,wpCzaDshV0,0,2016-09-17T16:37:22.786Z
Pointer,Book,NBz8wReDOf,2015-04-03T13:48:19.035Z,wsmtjJR5Pk,115,2015-04-03T13:48:19.035Z
Pointer,Book,fwlakc1hng,2015-05-06T17:51:24.502Z,wxnqvFjPvc,208,2015-05-06T17:51:24.502Z
Pointer,Book,Vau52XDluf,2013-05-31T21:11:31.565Z,x2fPcjwFci,268,2013-05-31T21:11:31.565Z
Pointer,Book,PBr6B4qQ1N,2013-11-01T00:00:00.193Z,x325ioTalf,1,2013-11-01T00:00:00.193Z
Pointer,Book,lntqmwMpMQ,2016-11-19T10:46:40.281Z,x6rXtERNCo,415,2016-11-19T10:46:40.281Z
Pointer,Book,0Ye95uyj3d,2014-05-07T20:18:49.315Z,x9iYUmmFPI,114,2014-05-07T20:18:49.315Z
Pointer,Book,oU14GxC7t8,2015-05-19T16:50:57.608Z,xESTwFLPGi,161,2015-05-19T16:50:57.608Z
Pointer,Book,T5WMT8SwxC,2013-11-14T21:22:17.132Z,xHzXtiY71D,99,2013-11-14T21:22:17.132Z
Pointer,Book,vLG4i67pK0,2015-06-02T12:41:03.487Z,xXwEASTqs1,160,2015-06-02T12:41:03.487Z
Pointer,Book,TR90qG78nx,2014-09-30T23:12:27.050Z,xaS3lXtoBa,81,2014-09-30T23:12:27.050Z
Pointer,Book,5XkegrQEwb,2013-12-29T11:57:48.540Z,xvH8YA8a8Q,82,2013-12-29T11:57:48.540Z
Pointer,Book,lx0daQ5CLU,2016-09-16T21:38:19.593Z,y2xT6OWh01,210,2016-09-16T21:38:19.593Z
Pointer,Book,Iixe4ksc4d,2016-12-05T22:06:25.292Z,y3Qwe4xnRI,338,2016-12-05T22:06:25.292Z
Pointer,Book,dKMzvt4Vq3,2013-06-14T23:21:08.354Z,yB9wKbtCv6,264,2013-06-14T23:21:08.354Z
Pointer,Book,Ac4ft1nYAP,2013-06-25T21:15:27.611Z,yDJ5yejAFP,90,2013-06-25T21:15:27.611Z
Pointer,Book,lx0daQ5CLU,2016-09-16T11:53:32.360Z,yLoAt4djRe,194,2016-09-16T11:53:32.360Z
Pointer,Book,UZpIxybhKG,2013-10-28T23:51:03.772Z,yOpeoaLs84,109,2013-10-28T23:51:03.772Z
Pointer,Book,siO42YRYc3,2016-09-16T21:38:50.209Z,yaILJLk0OQ,30,2016-09-16T21:38:50.209Z
Pointer,Book,BYyfD9XYq6,2015-10-26T09:04:00.321Z,ybkdwguHQD,8,2015-10-26T09:04:00.321Z
Pointer,Book,BYyfD9XYq6,2015-10-30T22:39:11.609Z,zAuvaRktt3,193,2015-10-30T22:39:11.609Z
Pointer,Book,POJ7DTlBNu,2013-09-29T15:49:19.324Z,zLNuBkysvm,100,2013-09-29T15:49:19.324Z
Pointer,Book,oU14GxC7t8,2015-05-24T22:01:43.440Z,zM8omFuhSn,358,2015-05-24T22:01:43.440Z
Pointer,Book,pA2yM6p0zA,2013-11-12T17:53:38.728Z,zX8UmPfizJ,234,2013-11-12T17:53:38.728Z
Pointer,Book,NMEvAbBNqe,2015-06-11T11:45:35.751Z,zbNvjhJeZM,472,2015-06-11T11:45:35.751Z
Pointer,Book,fwlakc1hng,2015-05-04T08:13:35.969Z,zj8tLVMhbV,170,2015-05-04T08:13:35.969Z
Pointer,Book,JN4fXFaXkq,2013-11-16T10:13:25.903Z,zjrg1fvb3V,200,2013-11-16T10:13:25.903Z
Pointer,Book,5IUxg2BnXZ,2015-07-01T15:25:11.737Z,zkoNs2TT3E,405,2015-07-01T15:25:11.737Z
Pointer,Book,h8vW1xEFqx,2016-02-13T00:57:06.591Z,zlPE6TV8Ir,15,2016-02-13T00:57:06.591Z
Pointer,Book,Pu3sB02kn6,2015-06-01T23:25:32.899Z,zmhWqxpKrP,393,2015-06-01T23:25:32.899Z
Pointer,Book,wc6L9Mn5in,2015-09-30T10:03:37.907Z,zro2BYqxaZ,427,2015-09-30T10:03:37.907Z
Pointer,Book,sce1bCPaSM,2013-11-12T17:42:32.157Z,zxmEQfhOKT,146,2013-11-12T17:42:32.157Z
